,3,4,5,6,7,8,9,10,11,12,13,14,15,16,17,18,19,20,21,22,23,24,25,26,27
,1993 년,1994 년,1995 년,1996 년,1997 년,1998 년,1999 년,2000 년,2001 년,2002 년,2003 년,2004 년,2005 년,2006 년,2007 년,2008 년,2009 년,2010 년,2011 년,2012 년,2013 년,2014 년,2015 년,2016 년,2017 년
전국,106 ,106 ,106 ,106 ,105 ,105 ,105 ,105 ,105 ,105 ,105 ,104 ,105 ,105 ,105 ,105 ,105 ,106 ,106 ,106 ,106 ,107 ,107 ,108 ,108 
서울특별시,103 ,103 ,103 ,103 ,103 ,103 ,103 ,103 ,104 ,104 ,103 ,103 ,102 ,102 ,102 ,102 ,102 ,101 ,101 ,101 ,101 ,101 ,100 ,100 ,100 
서울종로구,#DIV/0!,#DIV/0!,#DIV/0!,#DIV/0!,110 ,109 ,110 ,109 ,109 ,109 ,108 ,108 ,107 ,106 ,105 ,105 ,104 ,104 ,104 ,104 ,103 ,102 ,102 ,101 ,101 
서울중구,#DIV/0!,#DIV/0!,#DIV/0!,#DIV/0!,114 ,114 ,113 ,111 ,110 ,109 ,108 ,108 ,108 ,108 ,107 ,106 ,107 ,108 ,108 ,107 ,105 ,104 ,104 ,103 ,102 
서울용산구,#DIV/0!,#DIV/0!,#DIV/0!,#DIV/0!,107 ,106 ,105 ,104 ,104 ,104 ,103 ,102 ,101 ,100 ,100 ,99 ,99 ,99 ,98 ,98 ,97 ,97 ,97 ,97 ,97 
서울성동구,#DIV/0!,#DIV/0!,#DIV/0!,#DIV/0!,111 ,110 ,109 ,109 ,109 ,108 ,108 ,107 ,106 ,106 ,106 ,105 ,105 ,104 ,104 ,104 ,103 ,102 ,102 ,102 ,101 
서울광진구,#DIV/0!,#DIV/0!,#DIV/0!,#DIV/0!,104 ,103 ,103 ,103 ,103 ,103 ,102 ,101 ,100 ,99 ,99 ,99 ,99 ,99 ,99 ,99 ,99 ,98 ,98 ,97 ,97 
서울동대문구,#DIV/0!,#DIV/0!,#DIV/0!,#DIV/0!,111 ,111 ,111 ,112 ,111 ,111 ,111 ,110 ,109 ,109 ,109 ,109 ,109 ,109 ,108 ,108 ,108 ,108 ,108 ,107 ,107 
서울중랑구,#DIV/0!,#DIV/0!,#DIV/0!,#DIV/0!,102 ,102 ,102 ,103 ,103 ,103 ,103 ,103 ,103 ,103 ,103 ,104 ,105 ,105 ,105 ,105 ,105 ,105 ,105 ,105 ,105 
서울성북구,#DIV/0!,#DIV/0!,#DIV/0!,#DIV/0!,109 ,109 ,108 ,109 ,109 ,109 ,108 ,107 ,106 ,105 ,104 ,104 ,103 ,102 ,101 ,101 ,100 ,100 ,100 ,99 ,99 
서울강북구,#DIV/0!,#DIV/0!,#DIV/0!,#DIV/0!,104 ,104 ,104 ,105 ,106 ,106 ,106 ,105 ,105 ,105 ,105 ,106 ,106 ,106 ,106 ,106 ,106 ,106 ,106 ,106 ,106 
서울도봉구,#DIV/0!,#DIV/0!,#DIV/0!,#DIV/0!,97 ,97 ,98 ,99 ,99 ,100 ,100 ,100 ,100 ,101 ,101 ,102 ,102 ,102 ,103 ,103 ,104 ,104 ,105 ,105 ,105 
서울노원구,#DIV/0!,#DIV/0!,#DIV/0!,#DIV/0!,95 ,95 ,96 ,97 ,98 ,99 ,98 ,98 ,98 ,98 ,98 ,98 ,98 ,99 ,99 ,100 ,101 ,101 ,102 ,102 ,103 
서울은평구,#DIV/0!,#DIV/0!,#DIV/0!,#DIV/0!,100 ,100 ,101 ,102 ,103 ,103 ,103 ,103 ,103 ,103 ,102 ,102 ,102 ,102 ,101 ,101 ,100 ,100 ,100 ,100 ,99 
서울서대문구,#DIV/0!,#DIV/0!,#DIV/0!,#DIV/0!,104 ,104 ,103 ,103 ,103 ,102 ,102 ,102 ,101 ,101 ,100 ,100 ,101 ,101 ,101 ,101 ,101 ,101 ,101 ,100 ,99 
서울마포구,#DIV/0!,#DIV/0!,#DIV/0!,#DIV/0!,105 ,105 ,104 ,104 ,104 ,104 ,103 ,102 ,100 ,99 ,98 ,97 ,97 ,96 ,95 ,94 ,93 ,93 ,93 ,92 ,91 
서울양천구,#DIV/0!,#DIV/0!,#DIV/0!,#DIV/0!,98 ,98 ,99 ,99 ,100 ,100 ,99 ,99 ,98 ,98 ,98 ,98 ,98 ,98 ,99 ,99 ,100 ,100 ,101 ,101 ,101 
서울강서구,#DIV/0!,#DIV/0!,#DIV/0!,#DIV/0!,99 ,99 ,99 ,99 ,100 ,100 ,100 ,101 ,101 ,101 ,102 ,102 ,102 ,101 ,101 ,101 ,101 ,101 ,100 ,100 ,99 
서울구로구,#DIV/0!,#DIV/0!,#DIV/0!,#DIV/0!,109 ,109 ,108 ,108 ,108 ,108 ,109 ,108 ,108 ,107 ,107 ,107 ,107 ,107 ,106 ,105 ,104 ,104 ,103 ,102 ,101 
서울금천구,#DIV/0!,#DIV/0!,#DIV/0!,#DIV/0!,109 ,109 ,109 ,109 ,110 ,110 ,109 ,109 ,109 ,109 ,110 ,110 ,111 ,112 ,114 ,115 ,116 ,115 ,115 ,115 ,114 
서울영등포구,#DIV/0!,#DIV/0!,#DIV/0!,#DIV/0!,107 ,106 ,106 ,107 ,108 ,108 ,108 ,107 ,106 ,106 ,105 ,105 ,105 ,105 ,104 ,104 ,103 ,102 ,101 ,101 ,101 
서울동작구,#DIV/0!,#DIV/0!,#DIV/0!,#DIV/0!,107 ,107 ,107 ,107 ,108 ,108 ,107 ,107 ,106 ,105 ,104 ,103 ,103 ,103 ,102 ,102 ,102 ,102 ,102 ,101 ,101 
서울관악구,#DIV/0!,#DIV/0!,#DIV/0!,#DIV/0!,109 ,110 ,111 ,112 ,113 ,114 ,114 ,113 ,113 ,113 ,113 ,113 ,113 ,113 ,112 ,112 ,111 ,111 ,110 ,110 ,110 
서울서초구,#DIV/0!,#DIV/0!,#DIV/0!,#DIV/0!,97 ,97 ,98 ,98 ,98 ,98 ,97 ,96 ,95 ,93 ,92 ,92 ,91 ,91 ,90 ,90 ,90 ,89 ,89 ,88 ,88 
서울강남구,#DIV/0!,#DIV/0!,#DIV/0!,#DIV/0!,95 ,95 ,96 ,96 ,96 ,95 ,93 ,92 ,91 ,91 ,89 ,89 ,88 ,88 ,87 ,87 ,88 ,88 ,88 ,88 ,88 
서울송파구,#DIV/0!,#DIV/0!,#DIV/0!,#DIV/0!,97 ,97 ,97 ,97 ,98 ,99 ,98 ,98 ,98 ,97 ,97 ,97 ,96 ,96 ,95 ,95 ,95 ,95 ,95 ,95 ,94 
서울강동구,#DIV/0!,#DIV/0!,#DIV/0!,#DIV/0!,98 ,98 ,99 ,100 ,101 ,102 ,103 ,103 ,103 ,103 ,104 ,104 ,105 ,105 ,105 ,105 ,105 ,105 ,105 ,104 ,104 
부산광역시,101 ,101 ,101 ,101 ,101 ,101 ,102 ,102 ,103 ,103 ,103 ,103 ,103 ,104 ,104 ,105 ,105 ,106 ,106 ,106 ,107 ,107 ,108 ,108 ,108 
부산중구,#DIV/0!,#DIV/0!,#DIV/0!,#DIV/0!,104 ,105 ,106 ,107 ,107 ,108 ,108 ,108 ,107 ,108 ,108 ,109 ,111 ,111 ,113 ,113 ,114 ,114 ,113 ,112 ,112 
부산서구,#DIV/0!,#DIV/0!,#DIV/0!,#DIV/0!,106 ,106 ,107 ,109 ,109 ,110 ,110 ,110 ,110 ,111 ,113 ,113 ,113 ,113 ,113 ,112 ,111 ,111 ,110 ,108 ,107 
부산동구,#DIV/0!,#DIV/0!,#DIV/0!,#DIV/0!,108 ,109 ,110 ,112 ,113 ,114 ,115 ,115 ,115 ,116 ,117 ,118 ,119 ,118 ,119 ,119 ,119 ,119 ,119 ,118 ,116 
부산영도구,#DIV/0!,#DIV/0!,#DIV/0!,#DIV/0!,106 ,107 ,108 ,109 ,109 ,110 ,111 ,111 ,112 ,112 ,113 ,115 ,115 ,116 ,116 ,116 ,117 ,118 ,119 ,119 ,118 
부산부산진구,#DIV/0!,#DIV/0!,#DIV/0!,#DIV/0!,104 ,104 ,104 ,105 ,105 ,105 ,105 ,105 ,105 ,104 ,104 ,104 ,104 ,104 ,104 ,104 ,104 ,104 ,103 ,104 ,104 
부산동래구,#DIV/0!,#DIV/0!,#DIV/0!,#DIV/0!,96 ,96 ,97 ,99 ,100 ,101 ,101 ,101 ,102 ,102 ,102 ,103 ,103 ,104 ,104 ,104 ,105 ,106 ,106 ,107 ,107 
부산남구,#DIV/0!,#DIV/0!,#DIV/0!,#DIV/0!,103 ,104 ,105 ,106 ,107 ,107 ,106 ,106 ,106 ,106 ,107 ,107 ,106 ,106 ,107 ,107 ,108 ,108 ,107 ,107 ,109 
부산북구,#DIV/0!,#DIV/0!,#DIV/0!,#DIV/0!,98 ,97 ,97 ,97 ,97 ,97 ,97 ,97 ,98 ,98 ,99 ,100 ,101 ,103 ,105 ,106 ,107 ,108 ,109 ,110 ,110 
부산해운대구,#DIV/0!,#DIV/0!,#DIV/0!,#DIV/0!,96 ,95 ,95 ,95 ,95 ,95 ,95 ,95 ,95 ,95 ,96 ,96 ,96 ,97 ,97 ,98 ,99 ,100 ,101 ,101 ,101 
부산사하구,#DIV/0!,#DIV/0!,#DIV/0!,#DIV/0!,99 ,99 ,99 ,100 ,101 ,101 ,102 ,102 ,103 ,103 ,104 ,105 ,106 ,108 ,109 ,109 ,110 ,111 ,112 ,113 ,113 
부산금정구,#DIV/0!,#DIV/0!,#DIV/0!,#DIV/0!,97 ,98 ,99 ,100 ,101 ,101 ,102 ,102 ,102 ,103 ,104 ,105 ,106 ,107 ,108 ,109 ,109 ,110 ,112 ,112 ,113 
부산강서구,#DIV/0!,#DIV/0!,#DIV/0!,#DIV/0!,121 ,123 ,124 ,126 ,128 ,129 ,130 ,131 ,131 ,132 ,134 ,135 ,130 ,124 ,122 ,121 ,119 ,117 ,114 ,111 ,109 
부산연제구,#DIV/0!,#DIV/0!,#DIV/0!,#DIV/0!,99 ,100 ,101 ,102 ,103 ,103 ,102 ,102 ,102 ,101 ,101 ,101 ,102 ,102 ,103 ,103 ,104 ,105 ,105 ,104 ,104 
부산수영구,#DIV/0!,#DIV/0!,#DIV/0!,#DIV/0!,95 ,96 ,97 ,98 ,99 ,100 ,101 ,101 ,101 ,101 ,101 ,101 ,101 ,101 ,101 ,100 ,101 ,102 ,101 ,101 ,100 
부산사상구,#DIV/0!,#DIV/0!,#DIV/0!,#DIV/0!,103 ,103 ,103 ,103 ,103 ,103 ,104 ,104 ,104 ,104 ,105 ,107 ,109 ,110 ,111 ,112 ,114 ,115 ,115 ,116 ,116 
부산기장군,#DIV/0!,#DIV/0!,#DIV/0!,#DIV/0!,106 ,106 ,106 ,106 ,106 ,106 ,106 ,106 ,107 ,107 ,109 ,110 ,109 ,107 ,106 ,105 ,104 ,102 ,102 ,102 ,102 
대구광역시,101 ,101 ,102 ,101 ,101 ,101 ,101 ,101 ,101 ,101 ,101 ,101 ,102 ,102 ,103 ,103 ,104 ,105 ,106 ,107 ,108 ,109 ,110 ,111 ,111 
대구중구,#DIV/0!,#DIV/0!,#DIV/0!,#DIV/0!,109 ,109 ,111 ,112 ,113 ,113 ,112 ,112 ,112 ,112 ,112 ,110 ,110 ,109 ,109 ,109 ,109 ,108 ,107 ,105 ,104 
대구동구,#DIV/0!,#DIV/0!,#DIV/0!,#DIV/0!,106 ,106 ,107 ,107 ,107 ,107 ,107 ,107 ,107 ,108 ,109 ,110 ,111 ,112 ,113 ,113 ,113 ,113 ,113 ,113 ,112 
대구서구,#DIV/0!,#DIV/0!,#DIV/0!,#DIV/0!,106 ,107 ,108 ,109 ,110 ,110 ,111 ,110 ,111 ,112 ,114 ,116 ,119 ,120 ,121 ,122 ,123 ,123 ,124 ,124 ,124 
대구남구,#DIV/0!,#DIV/0!,#DIV/0!,#DIV/0!,102 ,102 ,102 ,103 ,103 ,103 ,103 ,103 ,103 ,103 ,104 ,105 ,106 ,106 ,107 ,107 ,107 ,108 ,109 ,110 ,110 
대구북구,#DIV/0!,#DIV/0!,#DIV/0!,#DIV/0!,102 ,101 ,101 ,100 ,100 ,100 ,100 ,100 ,100 ,100 ,100 ,101 ,101 ,102 ,103 ,104 ,105 ,107 ,108 ,110 ,111 
대구수성구,#DIV/0!,#DIV/0!,#DIV/0!,#DIV/0!,93 ,94 ,94 ,95 ,95 ,95 ,95 ,95 ,95 ,95 ,95 ,95 ,96 ,97 ,98 ,99 ,101 ,103 ,104 ,105 ,106 
대구달서구,#DIV/0!,#DIV/0!,#DIV/0!,#DIV/0!,95 ,95 ,95 ,95 ,96 ,96 ,96 ,96 ,97 ,98 ,99 ,101 ,102 ,103 ,104 ,106 ,107 ,109 ,110 ,111 ,111 
대구달성군,#DIV/0!,#DIV/0!,#DIV/0!,#DIV/0!,113 ,111 ,109 ,107 ,106 ,105 ,105 ,105 ,105 ,105 ,105 ,106 ,107 ,107 ,108 ,109 ,111 ,113 ,114 ,114 ,114 
인천광역시,104 ,104 ,104 ,103 ,103 ,103 ,102 ,102 ,102 ,103 ,103 ,103 ,103 ,103 ,104 ,105 ,105 ,105 ,106 ,106 ,106 ,106 ,107 ,107 ,107 
인천중구,#DIV/0!,#DIV/0!,#DIV/0!,#DIV/0!,113 ,113 ,114 ,116 ,117 ,117 ,116 ,115 ,117 ,118 ,117 ,116 ,117 ,118 ,119 ,117 ,115 ,112 ,111 ,112 ,114 
인천동구,#DIV/0!,#DIV/0!,#DIV/0!,#DIV/0!,114 ,114 ,115 ,116 ,117 ,118 ,117 ,115 ,114 ,114 ,115 ,115 ,114 ,113 ,113 ,112 ,113 ,113 ,113 ,112 ,112 
인천남구,#DIV/0!,#DIV/0!,#DIV/0!,#DIV/0!,106 ,106 ,107 ,108 ,109 ,110 ,110 ,110 ,111 ,111 ,112 ,112 ,112 ,112 ,112 ,112 ,113 ,114 ,114 ,114 ,114 
인천연수구,#DIV/0!,#DIV/0!,#DIV/0!,#DIV/0!,94 ,93 ,93 ,93 ,92 ,93 ,93 ,94 ,95 ,97 ,98 ,100 ,101 ,101 ,102 ,102 ,102 ,102 ,103 ,103 ,102 
인천남동구,#DIV/0!,#DIV/0!,#DIV/0!,#DIV/0!,102 ,102 ,102 ,102 ,103 ,103 ,103 ,103 ,103 ,103 ,103 ,103 ,103 ,102 ,102 ,103 ,103 ,104 ,105 ,105 ,105 
인천부평구,#DIV/0!,#DIV/0!,#DIV/0!,#DIV/0!,104 ,103 ,103 ,102 ,102 ,102 ,101 ,101 ,101 ,101 ,102 ,102 ,103 ,104 ,104 ,104 ,105 ,105 ,105 ,105 ,105 
인천계양구,#DIV/0!,#DIV/0!,#DIV/0!,#DIV/0!,99 ,98 ,97 ,96 ,95 ,95 ,95 ,95 ,96 ,97 ,98 ,99 ,100 ,100 ,102 ,103 ,103 ,104 ,104 ,105 ,106 
인천서구,#DIV/0!,#DIV/0!,#DIV/0!,#DIV/0!,103 ,102 ,101 ,101 ,101 ,101 ,102 ,101 ,101 ,101 ,102 ,102 ,103 ,104 ,104 ,103 ,103 ,104 ,104 ,104 ,105 
인천강화군,#DIV/0!,#DIV/0!,#DIV/0!,#DIV/0!,118 ,120 ,122 ,123 ,123 ,123 ,122 ,122 ,123 ,123 ,124 ,125 ,127 ,127 ,126 ,125 ,126 ,126 ,125 ,126 ,126 
인천옹진군,#DIV/0!,#DIV/0!,#DIV/0!,#DIV/0!,138 ,139 ,136 ,137 ,138 ,136 ,134 ,134 ,137 ,143 ,151 ,155 ,159 ,163 ,168 ,185 ,198 ,194 ,196 ,205 ,208 
광주광역시,100 ,101 ,101 ,101 ,101 ,101 ,102 ,101 ,101 ,101 ,101 ,101 ,101 ,101 ,101 ,101 ,101 ,101 ,102 ,102 ,103 ,104 ,104 ,105 ,105 
광주동구,#DIV/0!,#DIV/0!,#DIV/0!,#DIV/0!,107 ,108 ,109 ,111 ,112 ,112 ,111 ,109 ,110 ,111 ,111 ,112 ,112 ,113 ,113 ,113 ,113 ,113 ,113 ,112 ,112 
광주서구,#DIV/0!,#DIV/0!,#DIV/0!,#DIV/0!,98 ,99 ,99 ,98 ,98 ,97 ,97 ,97 ,97 ,97 ,97 ,97 ,97 ,97 ,97 ,98 ,100 ,100 ,101 ,102 ,103 
광주남구,#DIV/0!,#DIV/0!,#DIV/0!,#DIV/0!,98 ,98 ,100 ,101 ,102 ,102 ,103 ,103 ,103 ,104 ,104 ,103 ,103 ,103 ,103 ,102 ,103 ,103 ,103 ,103 ,103 
광주북구,#DIV/0!,#DIV/0!,#DIV/0!,#DIV/0!,99 ,100 ,100 ,101 ,101 ,101 ,101 ,102 ,102 ,103 ,103 ,103 ,103 ,104 ,105 ,106 ,106 ,107 ,107 ,108 ,108 
광주광산구,#DIV/0!,#DIV/0!,#DIV/0!,#DIV/0!,106 ,105 ,104 ,103 ,102 ,101 ,100 ,99 ,98 ,98 ,98 ,98 ,98 ,99 ,98 ,99 ,100 ,100 ,101 ,102 ,104 
대전광역시,102 ,102 ,101 ,101 ,101 ,101 ,101 ,101 ,101 ,101 ,101 ,101 ,101 ,102 ,102 ,102 ,103 ,103 ,104 ,104 ,105 ,105 ,106 ,107 ,108 
대전동구,#DIV/0!,#DIV/0!,#DIV/0!,#DIV/0!,109 ,109 ,110 ,110 ,111 ,112 ,112 ,112 ,113 ,114 ,113 ,113 ,114 ,114 ,114 ,113 ,112 ,112 ,113 ,114 ,114 
대전중구,#DIV/0!,#DIV/0!,#DIV/0!,#DIV/0!,103 ,103 ,104 ,104 ,104 ,104 ,104 ,104 ,104 ,104 ,104 ,104 ,105 ,105 ,105 ,106 ,106 ,106 ,106 ,106 ,106 
대전서구,#DIV/0!,#DIV/0!,#DIV/0!,#DIV/0!,93 ,93 ,93 ,93 ,93 ,93 ,93 ,94 ,94 ,95 ,95 ,95 ,96 ,96 ,97 ,97 ,98 ,99 ,101 ,102 ,103 
대전유성구,#DIV/0!,#DIV/0!,#DIV/0!,#DIV/0!,104 ,103 ,102 ,101 ,100 ,100 ,100 ,100 ,101 ,101 ,101 ,101 ,101 ,102 ,103 ,103 ,104 ,105 ,107 ,108 ,108 
대전대덕구,#DIV/0!,#DIV/0!,#DIV/0!,#DIV/0!,103 ,102 ,102 ,102 ,102 ,102 ,103 ,104 ,104 ,105 ,105 ,105 ,106 ,108 ,109 ,110 ,112 ,113 ,114 ,115 ,116 
울산광역시,#DIV/0!,#DIV/0!,#DIV/0!,#DIV/0!,104 ,102 ,102 ,102 ,102 ,102 ,102 ,103 ,103 ,103 ,104 ,106 ,108 ,108 ,110 ,112 ,114 ,115 ,117 ,118 ,118 
울산중구,#DIV/0!,#DIV/0!,#DIV/0!,#DIV/0!,101 ,102 ,102 ,102 ,103 ,104 ,104 ,105 ,105 ,106 ,106 ,107 ,109 ,111 ,112 ,114 ,115 ,116 ,117 ,117 ,116 
울산남구,#DIV/0!,#DIV/0!,#DIV/0!,#DIV/0!,99 ,99 ,98 ,98 ,98 ,98 ,98 ,98 ,99 ,99 ,99 ,101 ,102 ,103 ,104 ,106 ,109 ,111 ,113 ,115 ,116 
울산동구,#DIV/0!,#DIV/0!,#DIV/0!,#DIV/0!,100 ,99 ,98 ,98 ,101 ,103 ,105 ,106 ,108 ,110 ,114 ,118 ,121 ,121 ,122 ,125 ,128 ,130 ,132 ,132 ,129 
울산북구,#DIV/0!,#DIV/0!,#DIV/0!,#DIV/0!,113 ,111 ,107 ,105 ,103 ,102 ,100 ,100 ,100 ,100 ,101 ,102 ,103 ,103 ,104 ,106 ,108 ,110 ,112 ,114 ,114 
울산울주군,#DIV/0!,#DIV/0!,#DIV/0!,#DIV/0!,116 ,110 ,109 ,109 ,109 ,108 ,108 ,107 ,106 ,106 ,106 ,107 ,108 ,108 ,110 ,111 ,112 ,113 ,115 ,117 ,118 
세종특별자치시,#DIV/0!,#DIV/0!,#DIV/0!,#DIV/0!,#DIV/0!,#DIV/0!,#DIV/0!,#DIV/0!,#DIV/0!,#DIV/0!,#DIV/0!,#DIV/0!,#DIV/0!,#DIV/0!,#DIV/0!,#DIV/0!,#DIV/0!,#DIV/0!,#DIV/0!,117 ,113 ,106 ,100 ,98 ,97 
세종시,#DIV/0!,#DIV/0!,#DIV/0!,#DIV/0!,#DIV/0!,#DIV/0!,#DIV/0!,#DIV/0!,#DIV/0!,#DIV/0!,#DIV/0!,#DIV/0!,#DIV/0!,#DIV/0!,#DIV/0!,#DIV/0!,#DIV/0!,#DIV/0!,#DIV/0!,117 ,113 ,106 ,100 ,98 ,97 
경기도,107 ,106 ,106 ,105 ,104 ,103 ,103 ,102 ,102 ,102 ,102 ,102 ,102 ,102 ,102 ,102 ,103 ,103 ,103 ,104 ,104 ,105 ,105 ,106 ,106 
고양일산구,#DIV/0!,#DIV/0!,#DIV/0!,#DIV/0!,91 ,90 ,89 ,88 ,87 ,87 ,86 ,86 ,#DIV/0!,#DIV/0!,#DIV/0!,#DIV/0!,#DIV/0!,#DIV/0!,#DIV/0!,#DIV/0!,#DIV/0!,#DIV/0!,#DIV/0!,#DIV/0!,#DIV/0!
양주군,#DIV/0!,#DIV/0!,#DIV/0!,#DIV/0!,118 ,117 ,115 ,114 ,112 ,110 ,#DIV/0!,#DIV/0!,#DIV/0!,#DIV/0!,#DIV/0!,#DIV/0!,#DIV/0!,#DIV/0!,#DIV/0!,#DIV/0!,#DIV/0!,#DIV/0!,#DIV/0!,#DIV/0!,#DIV/0!
여주군,#DIV/0!,#DIV/0!,#DIV/0!,#DIV/0!,116 ,115 ,114 ,113 ,113 ,113 ,112 ,112 ,112 ,111 ,110 ,110 ,109 ,109 ,110 ,110 ,#DIV/0!,#DIV/0!,#DIV/0!,#DIV/0!,#DIV/0!
화성군,#DIV/0!,#DIV/0!,#DIV/0!,#DIV/0!,124 ,123 ,122 ,121 ,#DIV/0!,#DIV/0!,#DIV/0!,#DIV/0!,#DIV/0!,#DIV/0!,#DIV/0!,#DIV/0!,#DIV/0!,#DIV/0!,#DIV/0!,#DIV/0!,#DIV/0!,#DIV/0!,#DIV/0!,#DIV/0!,#DIV/0!
광주군,#DIV/0!,#DIV/0!,#DIV/0!,#DIV/0!,115 ,114 ,113 ,112 ,#DIV/0!,#DIV/0!,#DIV/0!,#DIV/0!,#DIV/0!,#DIV/0!,#DIV/0!,#DIV/0!,#DIV/0!,#DIV/0!,#DIV/0!,#DIV/0!,#DIV/0!,#DIV/0!,#DIV/0!,#DIV/0!,#DIV/0!
포천군,#DIV/0!,#DIV/0!,#DIV/0!,#DIV/0!,117 ,115 ,115 ,115 ,115 ,114 ,#DIV/0!,#DIV/0!,#DIV/0!,#DIV/0!,#DIV/0!,#DIV/0!,#DIV/0!,#DIV/0!,#DIV/0!,#DIV/0!,#DIV/0!,#DIV/0!,#DIV/0!,#DIV/0!,#DIV/0!
수원시,#DIV/0!,#DIV/0!,#DIV/0!,#DIV/0!,101 ,100 ,99 ,99 ,99 ,98 ,98 ,98 ,98 ,99 ,100 ,101 ,102 ,104 ,104 ,104 ,105 ,106 ,107 ,107 ,108 
수원장안구,#DIV/0!,#DIV/0!,#DIV/0!,#DIV/0!,100 ,100 ,100 ,99 ,99 ,99 ,99 ,99 ,99 ,99 ,100 ,100 ,102 ,105 ,106 ,106 ,107 ,108 ,109 ,110 ,111 
수원권선구,#DIV/0!,#DIV/0!,#DIV/0!,#DIV/0!,102 ,101 ,100 ,100 ,100 ,99 ,98 ,98 ,98 ,99 ,101 ,102 ,103 ,104 ,105 ,105 ,105 ,106 ,106 ,107 ,107 
수원팔달구,#DIV/0!,#DIV/0!,#DIV/0!,#DIV/0!,101 ,99 ,97 ,97 ,97 ,97 ,102 ,101 ,101 ,101 ,102 ,103 ,104 ,105 ,105 ,105 ,106 ,107 ,108 ,109 ,110 
수원영통구,#DIV/0!,#DIV/0!,#DIV/0!,#DIV/0!,#DIV/0!,#DIV/0!,#DIV/0!,#DIV/0!,#DIV/0!,#DIV/0!,94 ,94 ,95 ,97 ,98 ,99 ,100 ,101 ,101 ,102 ,103 ,104 ,105 ,105 ,106 
성남시,#DIV/0!,#DIV/0!,#DIV/0!,#DIV/0!,100 ,100 ,100 ,100 ,100 ,101 ,101 ,102 ,102 ,101 ,101 ,102 ,102 ,101 ,101 ,102 ,102 ,102 ,103 ,102 ,102 
성남수정구,#DIV/0!,#DIV/0!,#DIV/0!,#DIV/0!,107 ,107 ,107 ,108 ,108 ,109 ,110 ,110 ,110 ,110 ,111 ,112 ,112 ,113 ,113 ,113 ,113 ,114 ,114 ,114 ,113 
성남중원구,#DIV/0!,#DIV/0!,#DIV/0!,#DIV/0!,107 ,106 ,106 ,106 ,107 ,108 ,108 ,109 ,109 ,109 ,109 ,109 ,110 ,111 ,111 ,111 ,111 ,110 ,110 ,110 ,110 
성남분당구,#DIV/0!,#DIV/0!,#DIV/0!,#DIV/0!,89 ,90 ,90 ,90 ,90 ,90 ,91 ,91 ,92 ,91 ,90 ,90 ,90 ,90 ,91 ,91 ,93 ,94 ,94 ,94 ,94 
의정부시,#DIV/0!,#DIV/0!,#DIV/0!,#DIV/0!,101 ,100 ,100 ,99 ,99 ,99 ,99 ,98 ,98 ,98 ,98 ,99 ,99 ,100 ,100 ,101 ,101 ,102 ,103 ,104 ,104 
안양시,#DIV/0!,#DIV/0!,#DIV/0!,#DIV/0!,98 ,98 ,98 ,98 ,99 ,100 ,99 ,99 ,99 ,99 ,99 ,100 ,101 ,102 ,102 ,103 ,104 ,104 ,105 ,106 ,106 
안양만안구,#DIV/0!,#DIV/0!,#DIV/0!,#DIV/0!,104 ,103 ,103 ,104 ,105 ,105 ,105 ,104 ,104 ,104 ,105 ,106 ,107 ,108 ,108 ,108 ,108 ,108 ,109 ,109 ,110 
안양동안구,#DIV/0!,#DIV/0!,#DIV/0!,#DIV/0!,94 ,93 ,93 ,94 ,95 ,95 ,95 ,95 ,95 ,95 ,95 ,95 ,96 ,97 ,98 ,99 ,100 ,101 ,102 ,103 ,103 
부천시,#DIV/0!,#DIV/0!,#DIV/0!,#DIV/0!,102 ,101 ,101 ,101 ,101 ,101 ,101 ,101 ,101 ,101 ,102 ,102 ,103 ,103 ,104 ,104 ,104 ,105 ,106 ,106 ,106 
부천원미구,#DIV/0!,#DIV/0!,#DIV/0!,#DIV/0!,100 ,100 ,99 ,99 ,99 ,99 ,98 ,98 ,98 ,99 ,99 ,99 ,99 ,100 ,100 ,101 ,101 ,102 ,103 ,#DIV/0!,#DIV/0!
부천소사구,#DIV/0!,#DIV/0!,#DIV/0!,#DIV/0!,101 ,101 ,101 ,102 ,102 ,103 ,103 ,103 ,103 ,103 ,103 ,104 ,105 ,105 ,106 ,106 ,106 ,106 ,107 ,#DIV/0!,#DIV/0!
부천오정구,#DIV/0!,#DIV/0!,#DIV/0!,#DIV/0!,106 ,105 ,104 ,105 ,105 ,106 ,106 ,105 ,105 ,105 ,106 ,107 ,107 ,108 ,109 ,110 ,111 ,112 ,113 ,#DIV/0!,#DIV/0!
광명시,#DIV/0!,#DIV/0!,#DIV/0!,#DIV/0!,100 ,100 ,100 ,100 ,100 ,101 ,101 ,101 ,100 ,100 ,100 ,101 ,101 ,101 ,101 ,101 ,101 ,101 ,102 ,103 ,104 
평택시,#DIV/0!,#DIV/0!,#DIV/0!,#DIV/0!,109 ,107 ,106 ,106 ,106 ,106 ,106 ,107 ,107 ,107 ,107 ,108 ,108 ,108 ,109 ,110 ,110 ,111 ,112 ,113 ,115 
동두천시,#DIV/0!,#DIV/0!,#DIV/0!,#DIV/0!,110 ,109 ,109 ,110 ,110 ,109 ,109 ,108 ,107 ,106 ,106 ,106 ,106 ,105 ,105 ,105 ,106 ,107 ,108 ,108 ,109 
안산시,#DIV/0!,#DIV/0!,#DIV/0!,#DIV/0!,110 ,108 ,107 ,107 ,106 ,105 ,104 ,104 ,103 ,104 ,104 ,105 ,106 ,107 ,107 ,108 ,109 ,110 ,111 ,112 ,113 
안산상록구,#DIV/0!,#DIV/0!,#DIV/0!,#DIV/0!,#DIV/0!,#DIV/0!,#DIV/0!,#DIV/0!,#DIV/0!,100 ,100 ,100 ,99 ,100 ,101 ,102 ,103 ,105 ,106 ,107 ,108 ,109 ,110 ,111 ,113 
안산단원구,#DIV/0!,#DIV/0!,#DIV/0!,#DIV/0!,#DIV/0!,#DIV/0!,#DIV/0!,#DIV/0!,#DIV/0!,112 ,110 ,108 ,108 ,108 ,108 ,108 ,108 ,108 ,109 ,109 ,111 ,112 ,112 ,113 ,114 
고양시,#DIV/0!,#DIV/0!,#DIV/0!,#DIV/0!,97 ,96 ,95 ,93 ,93 ,92 ,92 ,91 ,91 ,92 ,92 ,92 ,93 ,93 ,94 ,94 ,95 ,97 ,98 ,99 ,99 
고양덕양구,#DIV/0!,#DIV/0!,#DIV/0!,#DIV/0!,104 ,102 ,100 ,99 ,98 ,98 ,98 ,97 ,98 ,98 ,99 ,99 ,100 ,100 ,100 ,100 ,101 ,102 ,102 ,102 ,103 
고양일산동구,#DIV/0!,#DIV/0!,#DIV/0!,#DIV/0!,#DIV/0!,#DIV/0!,#DIV/0!,#DIV/0!,#DIV/0!,#DIV/0!,#DIV/0!,#DIV/0!,88 ,87 ,88 ,88 ,89 ,90 ,91 ,91 ,92 ,93 ,95 ,96 ,97 
고양일산서구,#DIV/0!,#DIV/0!,#DIV/0!,#DIV/0!,#DIV/0!,#DIV/0!,#DIV/0!,#DIV/0!,#DIV/0!,#DIV/0!,#DIV/0!,#DIV/0!,85 ,86 ,86 ,86 ,87 ,87 ,88 ,90 ,91 ,93 ,94 ,96 ,97 
과천시,#DIV/0!,#DIV/0!,#DIV/0!,#DIV/0!,93 ,93 ,93 ,92 ,92 ,92 ,92 ,92 ,92 ,93 ,93 ,94 ,95 ,96 ,97 ,98 ,99 ,100 ,101 ,103 ,104 
구리시,#DIV/0!,#DIV/0!,#DIV/0!,#DIV/0!,104 ,102 ,100 ,99 ,99 ,98 ,97 ,96 ,96 ,96 ,96 ,97 ,98 ,98 ,98 ,99 ,99 ,101 ,102 ,103 ,103 
남양주시,#DIV/0!,#DIV/0!,#DIV/0!,#DIV/0!,107 ,106 ,104 ,103 ,102 ,102 ,101 ,100 ,100 ,99 ,99 ,100 ,100 ,100 ,100 ,99 ,99 ,99 ,100 ,100 ,101 
오산시,#DIV/0!,#DIV/0!,#DIV/0!,#DIV/0!,107 ,107 ,105 ,104 ,103 ,103 ,103 ,104 ,104 ,104 ,105 ,105 ,106 ,107 ,107 ,107 ,108 ,108 ,109 ,110 ,111 
시흥시,#DIV/0!,#DIV/0!,#DIV/0!,#DIV/0!,107 ,104 ,102 ,101 ,102 ,104 ,105 ,106 ,108 ,109 ,110 ,112 ,113 ,113 ,114 ,115 ,116 ,117 ,117 ,117 ,117 
군포시,#DIV/0!,#DIV/0!,#DIV/0!,#DIV/0!,98 ,97 ,97 ,97 ,97 ,97 ,98 ,99 ,99 ,99 ,99 ,100 ,101 ,101 ,101 ,101 ,101 ,102 ,104 ,105 ,105 
의왕시,#DIV/0!,#DIV/0!,#DIV/0!,#DIV/0!,101 ,100 ,100 ,100 ,100 ,101 ,102 ,103 ,103 ,104 ,105 ,105 ,106 ,106 ,106 ,106 ,106 ,107 ,107 ,108 ,109 
하남시,#DIV/0!,#DIV/0!,#DIV/0!,#DIV/0!,107 ,107 ,106 ,107 ,107 ,109 ,110 ,111 ,112 ,112 ,112 ,112 ,112 ,111 ,111 ,110 ,110 ,110 ,109 ,106 ,104 
용인시,#DIV/0!,#DIV/0!,#DIV/0!,#DIV/0!,111 ,109 ,107 ,105 ,103 ,101 ,100 ,99 ,98 ,97 ,97 ,97 ,96 ,96 ,96 ,96 ,96 ,97 ,98 ,98 ,99 
용인처인구,#DIV/0!,#DIV/0!,#DIV/0!,#DIV/0!,#DIV/0!,#DIV/0!,#DIV/0!,#DIV/0!,#DIV/0!,#DIV/0!,#DIV/0!,#DIV/0!,108 ,108 ,108 ,109 ,109 ,110 ,111 ,111 ,111 ,111 ,111 ,112 ,112 
용인기흥구,#DIV/0!,#DIV/0!,#DIV/0!,#DIV/0!,#DIV/0!,#DIV/0!,#DIV/0!,#DIV/0!,#DIV/0!,#DIV/0!,#DIV/0!,#DIV/0!,99 ,98 ,97 ,96 ,95 ,94 ,94 ,94 ,94 ,95 ,96 ,97 ,98 
용인수지구,#DIV/0!,#DIV/0!,#DIV/0!,#DIV/0!,#DIV/0!,#DIV/0!,#DIV/0!,#DIV/0!,#DIV/0!,#DIV/0!,#DIV/0!,#DIV/0!,90 ,89 ,89 ,89 ,89 ,89 ,90 ,90 ,90 ,91 ,92 ,92 ,93 
파주시,#DIV/0!,#DIV/0!,#DIV/0!,#DIV/0!,116 ,115 ,114 ,113 ,111 ,108 ,108 ,108 ,109 ,110 ,109 ,109 ,110 ,111 ,112 ,111 ,110 ,110 ,110 ,110 ,111 
이천시,#DIV/0!,#DIV/0!,#DIV/0!,#DIV/0!,111 ,109 ,107 ,106 ,105 ,105 ,104 ,102 ,103 ,104 ,105 ,105 ,104 ,104 ,103 ,103 ,103 ,104 ,105 ,107 ,110 
안성시,#DIV/0!,#DIV/0!,#DIV/0!,#DIV/0!,#DIV/0!,114 ,113 ,113 ,112 ,111 ,111 ,111 ,111 ,112 ,113 ,113 ,113 ,113 ,113 ,113 ,113 ,114 ,114 ,114 ,115 
김포시,#DIV/0!,#DIV/0!,#DIV/0!,#DIV/0!,#DIV/0!,115 ,111 ,108 ,107 ,105 ,104 ,103 ,103 ,103 ,103 ,102 ,102 ,103 ,103 ,103 ,102 ,101 ,100 ,100 ,100 
화성시,#DIV/0!,#DIV/0!,#DIV/0!,#DIV/0!,#DIV/0!,#DIV/0!,#DIV/0!,#DIV/0!,121 ,119 ,119 ,120 ,119 ,118 ,116 ,112 ,109 ,108 ,107 ,107 ,106 ,107 ,107 ,107 ,108 
광주시,#DIV/0!,#DIV/0!,#DIV/0!,#DIV/0!,#DIV/0!,#DIV/0!,#DIV/0!,#DIV/0!,110 ,109 ,108 ,108 ,108 ,108 ,108 ,109 ,109 ,109 ,109 ,108 ,108 ,109 ,109 ,110 ,110 
양주시,#DIV/0!,#DIV/0!,#DIV/0!,#DIV/0!,#DIV/0!,#DIV/0!,#DIV/0!,#DIV/0!,#DIV/0!,#DIV/0!,110 ,109 ,109 ,108 ,108 ,107 ,108 ,108 ,108 ,107 ,106 ,106 ,106 ,107 ,108 
포천시,#DIV/0!,#DIV/0!,#DIV/0!,#DIV/0!,#DIV/0!,#DIV/0!,#DIV/0!,#DIV/0!,#DIV/0!,#DIV/0!,114 ,114 ,114 ,113 ,113 ,114 ,115 ,116 ,117 ,117 ,118 ,118 ,119 ,121 ,122 
여주시,#DIV/0!,#DIV/0!,#DIV/0!,#DIV/0!,#DIV/0!,#DIV/0!,#DIV/0!,#DIV/0!,#DIV/0!,#DIV/0!,#DIV/0!,#DIV/0!,#DIV/0!,#DIV/0!,#DIV/0!,#DIV/0!,#DIV/0!,#DIV/0!,#DIV/0!,#DIV/0!,110 ,110 ,111 ,112 ,112 
연천군,#DIV/0!,#DIV/0!,#DIV/0!,#DIV/0!,123 ,122 ,123 ,122 ,123 ,123 ,122 ,126 ,127 ,125 ,127 ,128 ,128 ,129 ,130 ,132 ,134 ,134 ,140 ,147 ,148 
가평군,#DIV/0!,#DIV/0!,#DIV/0!,#DIV/0!,119 ,119 ,121 ,122 ,122 ,122 ,121 ,121 ,120 ,120 ,121 ,120 ,119 ,120 ,120 ,121 ,120 ,120 ,121 ,122 ,122 
양평군,#DIV/0!,#DIV/0!,#DIV/0!,#DIV/0!,121 ,120 ,120 ,120 ,119 ,119 ,118 ,117 ,117 ,118 ,117 ,116 ,117 ,117 ,116 ,114 ,114 ,115 ,115 ,114 ,112 
강원도,111 ,111 ,111 ,111 ,111 ,111 ,111 ,111 ,111 ,111 ,111 ,112 ,112 ,112 ,112 ,112 ,113 ,113 ,114 ,114 ,115 ,116 ,117 ,118 ,118 
춘천시,#DIV/0!,#DIV/0!,#DIV/0!,#DIV/0!,105 ,105 ,105 ,104 ,104 ,104 ,104 ,104 ,104 ,104 ,103 ,103 ,103 ,103 ,103 ,103 ,103 ,104 ,105 ,105 ,105 
원주시,#DIV/0!,#DIV/0!,#DIV/0!,#DIV/0!,104 ,104 ,104 ,104 ,103 ,103 ,102 ,102 ,102 ,103 ,103 ,103 ,103 ,102 ,102 ,103 ,103 ,104 ,105 ,106 ,106 
강릉시,#DIV/0!,#DIV/0!,#DIV/0!,#DIV/0!,106 ,107 ,108 ,108 ,109 ,109 ,109 ,109 ,110 ,110 ,110 ,110 ,110 ,110 ,111 ,111 ,111 ,112 ,113 ,114 ,114 
동해시,#DIV/0!,#DIV/0!,#DIV/0!,#DIV/0!,109 ,110 ,111 ,111 ,110 ,109 ,109 ,110 ,111 ,112 ,112 ,112 ,113 ,113 ,114 ,114 ,114 ,116 ,117 ,118 ,120 
태백시,#DIV/0!,#DIV/0!,#DIV/0!,#DIV/0!,111 ,111 ,112 ,113 ,113 ,113 ,113 ,114 ,117 ,119 ,120 ,119 ,118 ,118 ,117 ,115 ,115 ,115 ,114 ,115 ,115 
속초시,#DIV/0!,#DIV/0!,#DIV/0!,#DIV/0!,101 ,101 ,101 ,101 ,101 ,101 ,101 ,102 ,102 ,102 ,102 ,102 ,103 ,103 ,105 ,106 ,108 ,109 ,111 ,113 ,114 
삼척시,#DIV/0!,#DIV/0!,#DIV/0!,#DIV/0!,123 ,125 ,127 ,126 ,124 ,125 ,125 ,125 ,125 ,124 ,124 ,126 ,127 ,127 ,129 ,129 ,130 ,130 ,126 ,124 ,122 
홍천군,#DIV/0!,#DIV/0!,#DIV/0!,#DIV/0!,121 ,121 ,121 ,120 ,120 ,121 ,121 ,123 ,124 ,123 ,122 ,121 ,121 ,123 ,123 ,123 ,126 ,127 ,126 ,126 ,126 
횡성군,#DIV/0!,#DIV/0!,#DIV/0!,#DIV/0!,125 ,126 ,125 ,125 ,125 ,124 ,123 ,122 ,124 ,124 ,123 ,124 ,125 ,125 ,125 ,124 ,125 ,124 ,122 ,120 ,118 
영월군,#DIV/0!,#DIV/0!,#DIV/0!,#DIV/0!,123 ,124 ,125 ,125 ,118 ,117 ,125 ,125 ,127 ,128 ,128 ,127 ,127 ,128 ,129 ,127 ,125 ,125 ,128 ,129 ,129 
평창군,#DIV/0!,#DIV/0!,#DIV/0!,#DIV/0!,121 ,121 ,122 ,122 ,121 ,122 ,122 ,122 ,121 ,121 ,121 ,121 ,122 ,123 ,123 ,121 ,119 ,120 ,122 ,122 ,121 
정선군,#DIV/0!,#DIV/0!,#DIV/0!,#DIV/0!,124 ,124 ,127 ,129 ,129 ,125 ,125 ,128 ,128 ,130 ,131 ,130 ,129 ,129 ,128 ,128 ,129 ,128 ,127 ,127 ,128 
철원군,#DIV/0!,#DIV/0!,#DIV/0!,#DIV/0!,117 ,119 ,120 ,120 ,120 ,119 ,124 ,130 ,131 ,131 ,131 ,134 ,134 ,139 ,144 ,139 ,137 ,141 ,159 ,170 ,167 
화천군,#DIV/0!,#DIV/0!,#DIV/0!,#DIV/0!,124 ,125 ,124 ,124 ,125 ,125 ,136 ,145 ,142 ,141 ,143 ,160 ,177 ,180 ,183 ,180 ,174 ,193 ,215 ,212 ,200 
양구군,#DIV/0!,#DIV/0!,#DIV/0!,#DIV/0!,116 ,118 ,119 ,119 ,119 ,119 ,124 ,128 ,128 ,130 ,134 ,137 ,137 ,140 ,148 ,157 ,160 ,163 ,167 ,173 ,176 
인제군,#DIV/0!,#DIV/0!,#DIV/0!,#DIV/0!,117 ,117 ,119 ,120 ,120 ,120 ,122 ,125 ,129 ,133 ,132 ,132 ,130 ,132 ,140 ,148 ,150 ,146 ,156 ,163 ,159 
고성군,#DIV/0!,#DIV/0!,#DIV/0!,#DIV/0!,120 ,122 ,122 ,123 ,123 ,125 ,128 ,131 ,132 ,132 ,134 ,137 ,140 ,148 ,155 ,161 ,174 ,182 ,183 ,181 ,177 
양양군,#DIV/0!,#DIV/0!,#DIV/0!,#DIV/0!,115 ,117 ,118 ,120 ,125 ,126 ,125 ,126 ,128 ,127 ,128 ,128 ,129 ,129 ,130 ,130 ,132 ,133 ,133 ,135 ,134 
충청북도,111 ,111 ,110 ,110 ,109 ,109 ,109 ,109 ,109 ,108 ,108 ,108 ,108 ,109 ,109 ,109 ,110 ,110 ,111 ,111 ,112 ,113 ,114 ,114 ,115 
청주시,#DIV/0!,#DIV/0!,#DIV/0!,#DIV/0!,#DIV/0!,#DIV/0!,#DIV/0!,#DIV/0!,#DIV/0!,#DIV/0!,#DIV/0!,#DIV/0!,#DIV/0!,#DIV/0!,#DIV/0!,#DIV/0!,#DIV/0!,#DIV/0!,#DIV/0!,#DIV/0!,#DIV/0!,108 ,109 ,110 ,111 
청주상당구,#DIV/0!,#DIV/0!,#DIV/0!,#DIV/0!,#DIV/0!,#DIV/0!,#DIV/0!,#DIV/0!,#DIV/0!,#DIV/0!,#DIV/0!,#DIV/0!,#DIV/0!,#DIV/0!,#DIV/0!,#DIV/0!,#DIV/0!,#DIV/0!,#DIV/0!,#DIV/0!,#DIV/0!,108 ,109 ,110 ,111 
청주서원구,#DIV/0!,#DIV/0!,#DIV/0!,#DIV/0!,#DIV/0!,#DIV/0!,#DIV/0!,#DIV/0!,#DIV/0!,#DIV/0!,#DIV/0!,#DIV/0!,#DIV/0!,#DIV/0!,#DIV/0!,#DIV/0!,#DIV/0!,#DIV/0!,#DIV/0!,#DIV/0!,#DIV/0!,105 ,107 ,108 ,109 
청주흥덕구,#DIV/0!,#DIV/0!,#DIV/0!,#DIV/0!,#DIV/0!,#DIV/0!,#DIV/0!,#DIV/0!,#DIV/0!,#DIV/0!,#DIV/0!,#DIV/0!,#DIV/0!,#DIV/0!,#DIV/0!,#DIV/0!,#DIV/0!,#DIV/0!,#DIV/0!,#DIV/0!,#DIV/0!,106 ,107 ,108 ,109 
청주청원구,#DIV/0!,#DIV/0!,#DIV/0!,#DIV/0!,#DIV/0!,#DIV/0!,#DIV/0!,#DIV/0!,#DIV/0!,#DIV/0!,#DIV/0!,#DIV/0!,#DIV/0!,#DIV/0!,#DIV/0!,#DIV/0!,#DIV/0!,#DIV/0!,#DIV/0!,#DIV/0!,#DIV/0!,115 ,116 ,116 ,116 
충주시,#DIV/0!,#DIV/0!,#DIV/0!,#DIV/0!,111 ,110 ,111 ,110 ,111 ,111 ,111 ,110 ,111 ,111 ,111 ,111 ,112 ,112 ,112 ,114 ,115 ,116 ,116 ,117 ,118 
제천시,#DIV/0!,#DIV/0!,#DIV/0!,#DIV/0!,110 ,110 ,111 ,111 ,111 ,111 ,111 ,112 ,112 ,111 ,111 ,110 ,111 ,111 ,111 ,112 ,113 ,114 ,115 ,115 ,116 
청원군,#DIV/0!,#DIV/0!,#DIV/0!,#DIV/0!,124 ,124 ,123 ,123 ,122 ,121 ,120 ,119 ,121 ,120 ,118 ,119 ,119 ,119 ,119 ,119 ,119 ,#DIV/0!,#DIV/0!,#DIV/0!,#DIV/0!
보은군,#DIV/0!,#DIV/0!,#DIV/0!,#DIV/0!,128 ,127 ,129 ,131 ,132 ,132 ,133 ,133 ,134 ,135 ,136 ,135 ,132 ,132 ,132 ,130 ,130 ,129 ,129 ,127 ,125 
옥천군,#DIV/0!,#DIV/0!,#DIV/0!,#DIV/0!,121 ,122 ,123 ,124 ,125 ,126 ,125 ,124 ,124 ,124 ,125 ,125 ,125 ,125 ,125 ,125 ,124 ,124 ,122 ,121 ,121 
영동군,#DIV/0!,#DIV/0!,#DIV/0!,#DIV/0!,121 ,121 ,123 ,124 ,125 ,126 ,126 ,126 ,127 ,127 ,128 ,129 ,129 ,127 ,126 ,126 ,125 ,124 ,125 ,127 ,125 
진천군,#DIV/0!,#DIV/0!,#DIV/0!,#DIV/0!,120 ,120 ,118 ,118 ,117 ,117 ,118 ,117 ,117 ,118 ,119 ,120 ,120 ,122 ,123 ,123 ,123 ,124 ,124 ,124 ,123 
괴산군,#DIV/0!,#DIV/0!,#DIV/0!,#DIV/0!,137 ,136 ,136 ,136 ,136 ,137 ,139 ,142 ,141 ,141 ,140 ,139 ,139 ,140 ,139 ,137 ,136 ,137 ,136 ,134 ,133 
음성군,#DIV/0!,#DIV/0!,#DIV/0!,#DIV/0!,122 ,121 ,120 ,119 ,119 ,119 ,119 ,120 ,121 ,120 ,121 ,121 ,122 ,122 ,122 ,122 ,122 ,122 ,123 ,124 ,125 
단양군,#DIV/0!,#DIV/0!,#DIV/0!,#DIV/0!,122 ,122 ,123 ,124 ,125 ,125 ,125 ,127 ,126 ,123 ,124 ,125 ,127 ,129 ,132 ,133 ,132 ,131 ,130 ,129 ,128 
증평군,#DIV/0!,#DIV/0!,#DIV/0!,#DIV/0!,114 ,114 ,114 ,113 ,114 ,116 ,117 ,116 ,118 ,119 ,119 ,119 ,122 ,125 ,126 ,125 ,123 ,123 ,123 ,122 ,123 
충청남도,116 ,116 ,116 ,115 ,115 ,115 ,115 ,115 ,114 ,114 ,113 ,113 ,113 ,113 ,113 ,114 ,114 ,114 ,114 ,113 ,114 ,114 ,115 ,116 ,116 
연기군,#DIV/0!,#DIV/0!,#DIV/0!,#DIV/0!,118 ,118 ,119 ,119 ,118 ,118 ,117 ,117 ,118 ,120 ,121 ,122 ,122 ,120 ,118 ,#DIV/0!,#DIV/0!,#DIV/0!,#DIV/0!,#DIV/0!,#DIV/0!
천안시,#DIV/0!,#DIV/0!,#DIV/0!,#DIV/0!,105 ,104 ,104 ,103 ,102 ,101 ,101 ,102 ,102 ,102 ,102 ,102 ,103 ,103 ,104 ,105 ,106 ,107 ,107 ,108 ,109 
천안동남구,#DIV/0!,#DIV/0!,#DIV/0!,#DIV/0!,#DIV/0!,#DIV/0!,#DIV/0!,#DIV/0!,#DIV/0!,#DIV/0!,#DIV/0!,#DIV/0!,#DIV/0!,#DIV/0!,#DIV/0!,104 ,105 ,105 ,105 ,105 ,106 ,106 ,107 ,107 ,109 
천안서북구,#DIV/0!,#DIV/0!,#DIV/0!,#DIV/0!,#DIV/0!,#DIV/0!,#DIV/0!,#DIV/0!,#DIV/0!,#DIV/0!,#DIV/0!,#DIV/0!,#DIV/0!,#DIV/0!,#DIV/0!,101 ,101 ,102 ,104 ,105 ,106 ,107 ,108 ,109 ,110 
공주시,#DIV/0!,#DIV/0!,#DIV/0!,#DIV/0!,114 ,115 ,116 ,115 ,115 ,114 ,114 ,115 ,116 ,116 ,116 ,117 ,118 ,118 ,118 ,117 ,120 ,122 ,123 ,121 ,120 
보령시,#DIV/0!,#DIV/0!,#DIV/0!,#DIV/0!,120 ,121 ,122 ,122 ,122 ,123 ,123 ,124 ,124 ,124 ,123 ,123 ,124 ,124 ,124 ,125 ,127 ,128 ,128 ,128 ,128 
아산시,#DIV/0!,#DIV/0!,#DIV/0!,#DIV/0!,112 ,112 ,113 ,113 ,114 ,112 ,109 ,110 ,112 ,113 ,113 ,113 ,112 ,110 ,108 ,108 ,108 ,109 ,110 ,112 ,113 
서산시,#DIV/0!,#DIV/0!,#DIV/0!,#DIV/0!,114 ,115 ,115 ,114 ,113 ,113 ,112 ,113 ,114 ,114 ,114 ,115 ,115 ,115 ,115 ,116 ,117 ,119 ,121 ,123 ,124 
논산시,#DIV/0!,#DIV/0!,#DIV/0!,#DIV/0!,117 ,118 ,119 ,119 ,119 ,119 ,119 ,118 ,118 ,118 ,119 ,120 ,121 ,121 ,120 ,119 ,118 ,117 ,117 ,118 ,119 
계룡시,#DIV/0!,#DIV/0!,#DIV/0!,#DIV/0!,#DIV/0!,#DIV/0!,#DIV/0!,#DIV/0!,#DIV/0!,#DIV/0!,95 ,96 ,96 ,96 ,95 ,95 ,95 ,96 ,97 ,98 ,99 ,100 ,102 ,104 ,105 
당진시,#DIV/0!,#DIV/0!,#DIV/0!,#DIV/0!,#DIV/0!,#DIV/0!,#DIV/0!,#DIV/0!,#DIV/0!,#DIV/0!,#DIV/0!,#DIV/0!,#DIV/0!,#DIV/0!,#DIV/0!,#DIV/0!,#DIV/0!,#DIV/0!,#DIV/0!,124 ,124 ,125 ,127 ,128 ,130 
금산군,#DIV/0!,#DIV/0!,#DIV/0!,#DIV/0!,122 ,125 ,129 ,130 ,130 ,132 ,131 ,131 ,133 ,133 ,131 ,131 ,131 ,130 ,130 ,129 ,129 ,128 ,126 ,124 ,122 
부여군,#DIV/0!,#DIV/0!,#DIV/0!,#DIV/0!,121 ,123 ,124 ,124 ,125 ,126 ,127 ,129 ,130 ,128 ,128 ,129 ,131 ,132 ,131 ,130 ,130 ,129 ,127 ,127 ,128 
서천군,#DIV/0!,#DIV/0!,#DIV/0!,#DIV/0!,125 ,127 ,130 ,131 ,132 ,133 ,133 ,132 ,133 ,132 ,131 ,131 ,131 ,130 ,128 ,127 ,128 ,128 ,128 ,127 ,127 
청양군,#DIV/0!,#DIV/0!,#DIV/0!,#DIV/0!,133 ,133 ,136 ,136 ,134 ,135 ,136 ,137 ,139 ,141 ,141 ,143 ,145 ,143 ,142 ,140 ,138 ,136 ,135 ,134 ,135 
홍성군,#DIV/0!,#DIV/0!,#DIV/0!,#DIV/0!,119 ,118 ,118 ,119 ,119 ,119 ,117 ,116 ,117 ,116 ,116 ,116 ,116 ,116 ,115 ,115 ,114 ,115 ,115 ,113 ,112 
예산군,#DIV/0!,#DIV/0!,#DIV/0!,#DIV/0!,119 ,119 ,120 ,121 ,122 ,123 ,124 ,124 ,125 ,125 ,125 ,125 ,124 ,125 ,125 ,125 ,124 ,124 ,125 ,127 ,126 
태안군,#DIV/0!,#DIV/0!,#DIV/0!,#DIV/0!,124 ,124 ,126 ,127 ,126 ,125 ,126 ,128 ,129 ,129 ,130 ,132 ,132 ,132 ,131 ,130 ,131 ,133 ,134 ,133 ,133 
당진군,#DIV/0!,#DIV/0!,#DIV/0!,#DIV/0!,122 ,121 ,120 ,119 ,119 ,118 ,118 ,119 ,119 ,121 ,123 ,125 ,125 ,125 ,125 ,#DIV/0!,#DIV/0!,#DIV/0!,#DIV/0!,#DIV/0!,#DIV/0!
계룡출장소,#DIV/0!,#DIV/0!,#DIV/0!,#DIV/0!,90 ,90 ,90 ,92 ,92 ,93 ,#DIV/0!,#DIV/0!,#DIV/0!,#DIV/0!,#DIV/0!,#DIV/0!,#DIV/0!,#DIV/0!,#DIV/0!,#DIV/0!,#DIV/0!,#DIV/0!,#DIV/0!,#DIV/0!,#DIV/0!
전라북도,111 ,111 ,111 ,111 ,111 ,111 ,112 ,111 ,111 ,111 ,111 ,111 ,111 ,111 ,111 ,111 ,111 ,111 ,111 ,111 ,111 ,111 ,111 ,111 ,111 
전주시,#DIV/0!,#DIV/0!,#DIV/0!,#DIV/0!,99 ,100 ,100 ,100 ,100 ,100 ,100 ,101 ,101 ,101 ,100 ,100 ,101 ,101 ,102 ,102 ,103 ,103 ,104 ,104 ,105 
전주완산구,#DIV/0!,#DIV/0!,#DIV/0!,#DIV/0!,97 ,98 ,98 ,98 ,99 ,98 ,98 ,98 ,98 ,98 ,98 ,98 ,99 ,99 ,100 ,101 ,102 ,102 ,103 ,103 ,104 
전주덕진구,#DIV/0!,#DIV/0!,#DIV/0!,#DIV/0!,102 ,102 ,102 ,102 ,102 ,102 ,103 ,104 ,104 ,103 ,103 ,103 ,103 ,103 ,103 ,103 ,104 ,105 ,105 ,106 ,106 
군산시,#DIV/0!,#DIV/0!,#DIV/0!,#DIV/0!,109 ,109 ,110 ,111 ,110 ,111 ,112 ,112 ,113 ,113 ,114 ,115 ,116 ,116 ,117 ,117 ,116 ,116 ,116 ,115 ,115 
익산시,#DIV/0!,#DIV/0!,#DIV/0!,#DIV/0!,106 ,107 ,107 ,107 ,107 ,107 ,107 ,107 ,108 ,108 ,109 ,109 ,110 ,111 ,111 ,112 ,113 ,113 ,113 ,112 ,113 
정읍시,#DIV/0!,#DIV/0!,#DIV/0!,#DIV/0!,119 ,118 ,117 ,115 ,113 ,115 ,110 ,109 ,116 ,117 ,117 ,116 ,115 ,116 ,117 ,117 ,115 ,115 ,116 ,117 ,116 
남원시,#DIV/0!,#DIV/0!,#DIV/0!,#DIV/0!,116 ,115 ,116 ,115 ,114 ,114 ,113 ,112 ,113 ,112 ,112 ,113 ,113 ,113 ,112 ,111 ,110 ,110 ,111 ,111 ,112 
김제시,#DIV/0!,#DIV/0!,#DIV/0!,#DIV/0!,128 ,128 ,129 ,129 ,128 ,128 ,129 ,130 ,132 ,132 ,130 ,129 ,129 ,128 ,127 ,124 ,122 ,122 ,121 ,120 ,120 
완주군,#DIV/0!,#DIV/0!,#DIV/0!,#DIV/0!,136 ,134 ,134 ,135 ,134 ,133 ,133 ,132 ,133 ,132 ,131 ,130 ,128 ,124 ,120 ,118 ,117 ,116 ,114 ,113 ,113 
진안군,#DIV/0!,#DIV/0!,#DIV/0!,#DIV/0!,140 ,141 ,141 ,141 ,135 ,132 ,134 ,130 ,131 ,135 ,129 ,125 ,125 ,124 ,124 ,122 ,121 ,118 ,115 ,113 ,110 
무주군,#DIV/0!,#DIV/0!,#DIV/0!,#DIV/0!,128 ,129 ,127 ,127 ,127 ,125 ,131 ,133 ,133 ,135 ,134 ,131 ,131 ,131 ,130 ,128 ,124 ,121 ,119 ,120 ,121 
장수군,#DIV/0!,#DIV/0!,#DIV/0!,#DIV/0!,132 ,129 ,129 ,129 ,121 ,124 ,124 ,121 ,131 ,138 ,130 ,128 ,133 ,131 ,129 ,127 ,125 ,123 ,121 ,120 ,121 
임실군,#DIV/0!,#DIV/0!,#DIV/0!,#DIV/0!,136 ,137 ,140 ,144 ,142 ,142 ,143 ,141 ,142 ,142 ,142 ,142 ,142 ,141 ,139 ,135 ,133 ,136 ,138 ,137 ,134 
순창군,#DIV/0!,#DIV/0!,#DIV/0!,#DIV/0!,136 ,136 ,138 ,137 ,135 ,134 ,134 ,133 ,132 ,130 ,126 ,126 ,129 ,130 ,128 ,122 ,119 ,117 ,116 ,110 ,104 
고창군,#DIV/0!,#DIV/0!,#DIV/0!,#DIV/0!,131 ,133 ,136 ,137 ,132 ,131 ,131 ,131 ,135 ,134 ,132 ,133 ,135 ,133 ,130 ,130 ,131 ,129 ,127 ,125 ,124 
부안군,#DIV/0!,#DIV/0!,#DIV/0!,#DIV/0!,127 ,128 ,130 ,131 ,129 ,128 ,131 ,131 ,131 ,131 ,131 ,130 ,128 ,127 ,128 ,127 ,126 ,127 ,125 ,123 ,123 
전라남도,119 ,119 ,119 ,119 ,119 ,119 ,119 ,119 ,118 ,118 ,117 ,118 ,118 ,117 ,117 ,117 ,117 ,117 ,116 ,116 ,115 ,115 ,115 ,115 ,115 
목포시,#DIV/0!,#DIV/0!,#DIV/0!,#DIV/0!,103 ,103 ,103 ,104 ,104 ,105 ,106 ,106 ,107 ,107 ,108 ,109 ,109 ,109 ,109 ,109 ,109 ,109 ,110 ,110 ,110 
여수시,#DIV/0!,#DIV/0!,#DIV/0!,#DIV/0!,104 ,110 ,110 ,111 ,111 ,112 ,112 ,112 ,112 ,113 ,113 ,113 ,114 ,114 ,114 ,115 ,116 ,116 ,117 ,118 ,118 
순천시,#DIV/0!,#DIV/0!,#DIV/0!,#DIV/0!,105 ,105 ,105 ,104 ,104 ,103 ,103 ,103 ,103 ,102 ,103 ,103 ,104 ,105 ,105 ,105 ,106 ,107 ,107 ,108 ,109 
나주시,#DIV/0!,#DIV/0!,#DIV/0!,#DIV/0!,133 ,134 ,135 ,134 ,133 ,132 ,130 ,130 ,130 ,130 ,132 ,133 ,131 ,131 ,131 ,128 ,124 ,122 ,118 ,113 ,110 
광양시,#DIV/0!,#DIV/0!,#DIV/0!,#DIV/0!,112 ,110 ,110 ,109 ,109 ,109 ,108 ,108 ,108 ,106 ,105 ,104 ,105 ,107 ,110 ,112 ,112 ,113 ,114 ,116 ,118 
담양군,#DIV/0!,#DIV/0!,#DIV/0!,#DIV/0!,138 ,138 ,140 ,140 ,141 ,141 ,141 ,141 ,141 ,140 ,139 ,140 ,139 ,136 ,131 ,127 ,123 ,120 ,118 ,116 ,115 
곡성군,#DIV/0!,#DIV/0!,#DIV/0!,#DIV/0!,134 ,132 ,131 ,127 ,128 ,132 ,133 ,133 ,132 ,130 ,125 ,121 ,120 ,121 ,122 ,120 ,117 ,116 ,118 ,119 ,118 
구례군,#DIV/0!,#DIV/0!,#DIV/0!,#DIV/0!,128 ,129 ,132 ,133 ,131 ,130 ,132 ,132 ,131 ,131 ,130 ,128 ,126 ,125 ,123 ,122 ,121 ,121 ,119 ,118 ,117 
고흥군,#DIV/0!,#DIV/0!,#DIV/0!,#DIV/0!,133 ,135 ,136 ,133 ,134 ,134 ,131 ,132 ,134 ,134 ,134 ,134 ,133 ,131 ,129 ,129 ,126 ,124 ,123 ,121 ,119 
보성군,#DIV/0!,#DIV/0!,#DIV/0!,#DIV/0!,132 ,132 ,133 ,132 ,131 ,130 ,129 ,130 ,133 ,131 ,127 ,125 ,124 ,124 ,122 ,121 ,121 ,119 ,119 ,119 ,119 
화순군,#DIV/0!,#DIV/0!,#DIV/0!,#DIV/0!,134 ,132 ,129 ,126 ,124 ,122 ,119 ,118 ,117 ,116 ,115 ,114 ,113 ,112 ,110 ,108 ,108 ,108 ,107 ,106 ,106 
장흥군,#DIV/0!,#DIV/0!,#DIV/0!,#DIV/0!,126 ,127 ,130 ,129 ,128 ,125 ,122 ,123 ,123 ,123 ,123 ,123 ,123 ,123 ,123 ,122 ,124 ,125 ,122 ,120 ,121 
강진군,#DIV/0!,#DIV/0!,#DIV/0!,#DIV/0!,124 ,124 ,125 ,125 ,120 ,120 ,124 ,126 ,127 ,124 ,121 ,117 ,114 ,111 ,107 ,107 ,109 ,109 ,109 ,110 ,112 
해남군,#DIV/0!,#DIV/0!,#DIV/0!,#DIV/0!,123 ,123 ,124 ,125 ,124 ,124 ,123 ,122 ,123 ,124 ,123 ,125 ,126 ,126 ,124 ,119 ,114 ,110 ,108 ,107 ,107 
영암군,#DIV/0!,#DIV/0!,#DIV/0!,#DIV/0!,131 ,131 ,130 ,129 ,128 ,128 ,128 ,127 ,128 ,126 ,126 ,129 ,132 ,132 ,132 ,131 ,129 ,128 ,128 ,128 ,128 
무안군,#DIV/0!,#DIV/0!,#DIV/0!,#DIV/0!,137 ,139 ,139 ,138 ,136 ,136 ,136 ,136 ,137 ,138 ,137 ,132 ,126 ,122 ,119 ,116 ,113 ,111 ,110 ,109 ,109 
함평군,#DIV/0!,#DIV/0!,#DIV/0!,#DIV/0!,143 ,141 ,143 ,147 ,145 ,144 ,141 ,139 ,140 ,140 ,141 ,140 ,139 ,138 ,136 ,135 ,133 ,130 ,128 ,127 ,125 
영광군,#DIV/0!,#DIV/0!,#DIV/0!,#DIV/0!,127 ,127 ,129 ,128 ,126 ,126 ,126 ,128 ,129 ,130 ,130 ,130 ,129 ,130 ,128 ,126 ,127 ,125 ,122 ,120 ,120 
장성군,#DIV/0!,#DIV/0!,#DIV/0!,#DIV/0!,137 ,137 ,138 ,137 ,136 ,136 ,137 ,137 ,138 ,138 ,139 ,139 ,138 ,137 ,134 ,131 ,128 ,124 ,120 ,117 ,116 
완도군,#DIV/0!,#DIV/0!,#DIV/0!,#DIV/0!,133 ,133 ,134 ,135 ,134 ,132 ,134 ,137 ,138 ,136 ,135 ,135 ,133 ,132 ,129 ,128 ,129 ,130 ,129 ,127 ,126 
진도군,#DIV/0!,#DIV/0!,#DIV/0!,#DIV/0!,130 ,131 ,135 ,135 ,133 ,129 ,126 ,127 ,129 ,128 ,128 ,128 ,127 ,127 ,127 ,125 ,124 ,124 ,123 ,123 ,126 
신안군,#DIV/0!,#DIV/0!,#DIV/0!,#DIV/0!,161 ,162 ,163 ,166 ,166 ,165 ,158 ,155 ,163 ,165 ,165 ,166 ,166 ,162 ,161 ,161 ,163 ,164 ,161 ,157 ,154 
경상북도,113 ,112 ,112 ,111 ,111 ,110 ,111 ,110 ,110 ,109 ,109 ,110 ,111 ,111 ,112 ,112 ,113 ,114 ,115 ,115 ,116 ,116 ,117 ,117 ,118 
포항시,#DIV/0!,#DIV/0!,#DIV/0!,#DIV/0!,102 ,103 ,103 ,104 ,104 ,104 ,105 ,106 ,107 ,108 ,109 ,110 ,111 ,112 ,113 ,115 ,116 ,116 ,117 ,117 ,117 
포항남구,#DIV/0!,#DIV/0!,#DIV/0!,#DIV/0!,105 ,106 ,106 ,107 ,107 ,107 ,108 ,110 ,111 ,112 ,113 ,114 ,115 ,116 ,117 ,119 ,120 ,120 ,121 ,122 ,122 
포항북구,#DIV/0!,#DIV/0!,#DIV/0!,#DIV/0!,100 ,100 ,100 ,100 ,100 ,101 ,101 ,102 ,103 ,104 ,105 ,106 ,107 ,108 ,109 ,111 ,112 ,113 ,113 ,113 ,114 
경주시,#DIV/0!,#DIV/0!,#DIV/0!,#DIV/0!,111 ,111 ,110 ,110 ,110 ,109 ,109 ,110 ,110 ,111 ,112 ,113 ,114 ,114 ,115 ,116 ,117 ,119 ,120 ,121 ,122 
김천시,#DIV/0!,#DIV/0!,#DIV/0!,#DIV/0!,112 ,112 ,112 ,113 ,113 ,113 ,112 ,111 ,113 ,113 ,114 ,114 ,115 ,116 ,116 ,116 ,117 ,119 ,119 ,119 ,118 
안동시,#DIV/0!,#DIV/0!,#DIV/0!,#DIV/0!,110 ,110 ,112 ,112 ,112 ,112 ,112 ,112 ,113 ,114 ,114 ,113 ,112 ,112 ,111 ,111 ,112 ,112 ,112 ,112 ,112 
구미시,#DIV/0!,#DIV/0!,#DIV/0!,#DIV/0!,101 ,100 ,99 ,97 ,96 ,95 ,95 ,96 ,98 ,99 ,99 ,100 ,101 ,102 ,104 ,104 ,105 ,107 ,109 ,111 ,113 
영주시,#DIV/0!,#DIV/0!,#DIV/0!,#DIV/0!,111 ,111 ,113 ,114 ,114 ,115 ,116 ,116 ,117 ,116 ,116 ,117 ,118 ,119 ,118 ,118 ,119 ,121 ,122 ,123 ,123 
영천시,#DIV/0!,#DIV/0!,#DIV/0!,#DIV/0!,117 ,117 ,117 ,117 ,117 ,117 ,117 ,117 ,117 ,118 ,119 ,119 ,121 ,124 ,126 ,128 ,128 ,127 ,126 ,126 ,128 
상주시,#DIV/0!,#DIV/0!,#DIV/0!,#DIV/0!,120 ,121 ,123 ,124 ,123 ,123 ,123 ,122 ,122 ,122 ,122 ,123 ,124 ,126 ,127 ,126 ,125 ,125 ,125 ,124 ,124 
문경시,#DIV/0!,#DIV/0!,#DIV/0!,#DIV/0!,117 ,117 ,119 ,118 ,116 ,117 ,119 ,120 ,121 ,122 ,123 ,124 ,122 ,120 ,119 ,119 ,119 ,119 ,118 ,117 ,118 
경산시,#DIV/0!,#DIV/0!,#DIV/0!,#DIV/0!,108 ,107 ,106 ,105 ,105 ,105 ,105 ,105 ,106 ,107 ,107 ,108 ,108 ,110 ,111 ,111 ,112 ,113 ,114 ,115 ,116 
군위군,#DIV/0!,#DIV/0!,#DIV/0!,#DIV/0!,135 ,133 ,133 ,128 ,119 ,118 ,124 ,130 ,133 ,134 ,138 ,141 ,143 ,145 ,144 ,144 ,142 ,138 ,133 ,130 ,130 
의성군,#DIV/0!,#DIV/0!,#DIV/0!,#DIV/0!,131 ,129 ,129 ,130 ,130 ,131 ,133 ,134 ,136 ,135 ,136 ,138 ,140 ,142 ,142 ,141 ,140 ,138 ,136 ,134 ,133 
청송군,#DIV/0!,#DIV/0!,#DIV/0!,#DIV/0!,126 ,125 ,125 ,123 ,121 ,122 ,123 ,126 ,127 ,126 ,125 ,128 ,133 ,136 ,136 ,136 ,137 ,138 ,137 ,136 ,139 
영양군,#DIV/0!,#DIV/0!,#DIV/0!,#DIV/0!,128 ,129 ,131 ,133 ,132 ,132 ,132 ,131 ,131 ,132 ,133 ,134 ,137 ,139 ,137 ,133 ,129 ,127 ,128 ,125 ,124 
영덕군,#DIV/0!,#DIV/0!,#DIV/0!,#DIV/0!,122 ,122 ,124 ,126 ,127 ,120 ,120 ,128 ,128 ,123 ,120 ,123 ,124 ,124 ,125 ,124 ,123 ,124 ,125 ,123 ,123 
청도군,#DIV/0!,#DIV/0!,#DIV/0!,#DIV/0!,122 ,121 ,119 ,121 ,124 ,122 ,121 ,123 ,125 ,125 ,126 ,128 ,128 ,129 ,130 ,132 ,134 ,133 ,131 ,129 ,125 
고령군,#DIV/0!,#DIV/0!,#DIV/0!,#DIV/0!,130 ,128 ,128 ,129 ,130 ,131 ,130 ,130 ,130 ,129 ,129 ,130 ,130 ,129 ,129 ,127 ,127 ,127 ,127 ,126 ,123 
성주군,#DIV/0!,#DIV/0!,#DIV/0!,#DIV/0!,128 ,127 ,127 ,127 ,129 ,127 ,126 ,127 ,129 ,131 ,133 ,134 ,134 ,133 ,132 ,132 ,132 ,130 ,128 ,128 ,128 
칠곡군,#DIV/0!,#DIV/0!,#DIV/0!,#DIV/0!,115 ,113 ,112 ,112 ,112 ,110 ,110 ,110 ,111 ,113 ,114 ,114 ,114 ,115 ,116 ,116 ,116 ,116 ,115 ,116 ,117 
예천군,#DIV/0!,#DIV/0!,#DIV/0!,#DIV/0!,125 ,127 ,129 ,131 ,130 ,129 ,129 ,129 ,129 ,131 ,134 ,135 ,136 ,137 ,135 ,132 ,130 ,129 ,128 ,123 ,120 
봉화군,#DIV/0!,#DIV/0!,#DIV/0!,#DIV/0!,131 ,133 ,135 ,135 ,134 ,132 ,128 ,128 ,131 ,131 ,134 ,136 ,137 ,137 ,136 ,132 ,129 ,127 ,127 ,126 ,126 
울진군,#DIV/0!,#DIV/0!,#DIV/0!,#DIV/0!,121 ,121 ,123 ,123 ,121 ,121 ,122 ,121 ,121 ,121 ,121 ,122 ,123 ,123 ,122 ,121 ,122 ,122 ,123 ,125 ,127 
울릉군,#DIV/0!,#DIV/0!,#DIV/0!,#DIV/0!,115 ,118 ,123 ,122 ,120 ,121 ,125 ,128 ,130 ,133 ,132 ,129 ,127 ,126 ,123 ,124 ,129 ,133 ,136 ,141 ,145 
경상남도,108 ,107 ,107 ,107 ,107 ,107 ,107 ,106 ,106 ,106 ,106 ,106 ,107 ,107 ,107 ,109 ,110 ,110 ,111 ,111 ,112 ,113 ,114 ,115 ,115 
창원시,#DIV/0!,#DIV/0!,#DIV/0!,#DIV/0!,101 ,100 ,98 ,97 ,96 ,96 ,96 ,97 ,98 ,99 ,100 ,102 ,104 ,#DIV/0!,#DIV/0!,#DIV/0!,#DIV/0!,#DIV/0!,#DIV/0!,#DIV/0!,#DIV/0!
마산시,#DIV/0!,#DIV/0!,#DIV/0!,#DIV/0!,102 ,102 ,103 ,104 ,105 ,105 ,106 ,106 ,107 ,108 ,108 ,110 ,112 ,#DIV/0!,#DIV/0!,#DIV/0!,#DIV/0!,#DIV/0!,#DIV/0!,#DIV/0!,#DIV/0!
마산합포구,#DIV/0!,#DIV/0!,#DIV/0!,#DIV/0!,#DIV/0!,104 ,104 ,106 ,#DIV/0!,#DIV/0!,#DIV/0!,#DIV/0!,#DIV/0!,#DIV/0!,#DIV/0!,#DIV/0!,#DIV/0!,#DIV/0!,#DIV/0!,#DIV/0!,#DIV/0!,#DIV/0!,#DIV/0!,#DIV/0!,#DIV/0!
마산회원구,#DIV/0!,#DIV/0!,#DIV/0!,#DIV/0!,#DIV/0!,100 ,101 ,102 ,#DIV/0!,#DIV/0!,#DIV/0!,#DIV/0!,#DIV/0!,#DIV/0!,#DIV/0!,#DIV/0!,#DIV/0!,#DIV/0!,#DIV/0!,#DIV/0!,#DIV/0!,#DIV/0!,#DIV/0!,#DIV/0!,#DIV/0!
진해시,#DIV/0!,#DIV/0!,#DIV/0!,#DIV/0!,105 ,106 ,107 ,108 ,109 ,109 ,109 ,109 ,110 ,111 ,112 ,112 ,112 ,#DIV/0!,#DIV/0!,#DIV/0!,#DIV/0!,#DIV/0!,#DIV/0!,#DIV/0!,#DIV/0!
진주시,#DIV/0!,#DIV/0!,#DIV/0!,#DIV/0!,101 ,102 ,102 ,103 ,103 ,103 ,103 ,103 ,103 ,103 ,103 ,104 ,105 ,106 ,106 ,107 ,108 ,109 ,110 ,111 ,111 
통영시,#DIV/0!,#DIV/0!,#DIV/0!,#DIV/0!,110 ,111 ,112 ,114 ,115 ,116 ,116 ,117 ,118 ,119 ,120 ,122 ,123 ,122 ,121 ,118 ,117 ,116 ,116 ,115 ,114 
사천시,#DIV/0!,#DIV/0!,#DIV/0!,#DIV/0!,115 ,116 ,117 ,116 ,116 ,116 ,116 ,116 ,116 ,116 ,116 ,118 ,119 ,119 ,119 ,118 ,117 ,117 ,119 ,122 ,123 
김해시,#DIV/0!,#DIV/0!,#DIV/0!,#DIV/0!,102 ,101 ,100 ,99 ,98 ,98 ,97 ,97 ,97 ,97 ,97 ,98 ,98 ,99 ,100 ,102 ,103 ,105 ,106 ,107 ,108 
밀양시,#DIV/0!,#DIV/0!,#DIV/0!,#DIV/0!,113 ,114 ,115 ,116 ,116 ,115 ,115 ,115 ,116 ,116 ,116 ,116 ,116 ,115 ,116 ,117 ,119 ,121 ,121 ,122 ,122 
거제시,#DIV/0!,#DIV/0!,#DIV/0!,#DIV/0!,113 ,112 ,111 ,111 ,111 ,112 ,114 ,115 ,115 ,116 ,117 ,119 ,122 ,122 ,120 ,119 ,120 ,121 ,124 ,124 ,121 
양산시,#DIV/0!,#DIV/0!,#DIV/0!,#DIV/0!,104 ,102 ,101 ,100 ,99 ,98 ,99 ,99 ,99 ,99 ,99 ,100 ,100 ,101 ,102 ,103 ,104 ,105 ,106 ,107 ,108 
통합창원시,#DIV/0!,#DIV/0!,#DIV/0!,#DIV/0!,#DIV/0!,#DIV/0!,#DIV/0!,#DIV/0!,#DIV/0!,#DIV/0!,#DIV/0!,#DIV/0!,#DIV/0!,#DIV/0!,#DIV/0!,#DIV/0!,#DIV/0!,109 ,111 ,112 ,113 ,114 ,115 ,116 ,116 
통합창원의창구,#DIV/0!,#DIV/0!,#DIV/0!,#DIV/0!,#DIV/0!,#DIV/0!,#DIV/0!,#DIV/0!,#DIV/0!,#DIV/0!,#DIV/0!,#DIV/0!,#DIV/0!,#DIV/0!,#DIV/0!,#DIV/0!,#DIV/0!,109 ,111 ,112 ,113 ,115 ,116 ,117 ,117 
통합창원성산구,#DIV/0!,#DIV/0!,#DIV/0!,#DIV/0!,#DIV/0!,#DIV/0!,#DIV/0!,#DIV/0!,#DIV/0!,#DIV/0!,#DIV/0!,#DIV/0!,#DIV/0!,#DIV/0!,#DIV/0!,#DIV/0!,#DIV/0!,103 ,106 ,108 ,111 ,112 ,114 ,115 ,116 
통합창원마산합포구,#DIV/0!,#DIV/0!,#DIV/0!,#DIV/0!,#DIV/0!,#DIV/0!,#DIV/0!,#DIV/0!,#DIV/0!,#DIV/0!,#DIV/0!,#DIV/0!,#DIV/0!,#DIV/0!,#DIV/0!,#DIV/0!,#DIV/0!,117 ,117 ,118 ,118 ,118 ,118 ,118 ,118 
통합창원마산회원구,#DIV/0!,#DIV/0!,#DIV/0!,#DIV/0!,#DIV/0!,#DIV/0!,#DIV/0!,#DIV/0!,#DIV/0!,#DIV/0!,#DIV/0!,#DIV/0!,#DIV/0!,#DIV/0!,#DIV/0!,#DIV/0!,#DIV/0!,109 ,110 ,111 ,113 ,113 ,114 ,115 ,115 
통합창원진해구,#DIV/0!,#DIV/0!,#DIV/0!,#DIV/0!,#DIV/0!,#DIV/0!,#DIV/0!,#DIV/0!,#DIV/0!,#DIV/0!,#DIV/0!,#DIV/0!,#DIV/0!,#DIV/0!,#DIV/0!,#DIV/0!,#DIV/0!,112 ,112 ,112 ,112 ,113 ,114 ,114 ,115 
의령군,#DIV/0!,#DIV/0!,#DIV/0!,#DIV/0!,137 ,135 ,133 ,132 ,131 ,133 ,133 ,130 ,130 ,130 ,128 ,127 ,125 ,123 ,122 ,121 ,121 ,121 ,120 ,119 ,117 
함안군,#DIV/0!,#DIV/0!,#DIV/0!,#DIV/0!,127 ,126 ,126 ,126 ,125 ,124 ,125 ,125 ,126 ,125 ,121 ,119 ,119 ,118 ,118 ,118 ,117 ,115 ,113 ,114 ,115 
창녕군,#DIV/0!,#DIV/0!,#DIV/0!,#DIV/0!,122 ,122 ,122 ,123 ,123 ,125 ,127 ,127 ,127 ,128 ,129 ,130 ,131 ,132 ,134 ,135 ,136 ,134 ,132 ,131 ,130 
남해군,#DIV/0!,#DIV/0!,#DIV/0!,#DIV/0!,127 ,128 ,130 ,129 ,127 ,126 ,126 ,125 ,127 ,127 ,122 ,122 ,125 ,124 ,122 ,120 ,122 ,125 ,126 ,127 ,127 
하동군,#DIV/0!,#DIV/0!,#DIV/0!,#DIV/0!,124 ,125 ,126 ,127 ,125 ,125 ,124 ,122 ,125 ,126 ,123 ,123 ,125 ,127 ,126 ,125 ,127 ,129 ,130 ,129 ,128 
산청군,#DIV/0!,#DIV/0!,#DIV/0!,#DIV/0!,129 ,129 ,131 ,134 ,136 ,136 ,136 ,136 ,137 ,138 ,136 ,135 ,134 ,132 ,129 ,128 ,129 ,128 ,127 ,126 ,125 
함양군,#DIV/0!,#DIV/0!,#DIV/0!,#DIV/0!,125 ,127 ,127 ,127 ,126 ,126 ,126 ,125 ,124 ,124 ,123 ,122 ,122 ,121 ,120 ,118 ,118 ,118 ,117 ,116 ,116 
거창군,#DIV/0!,#DIV/0!,#DIV/0!,#DIV/0!,116 ,116 ,118 ,119 ,118 ,116 ,114 ,114 ,114 ,115 ,116 ,116 ,117 ,116 ,115 ,114 ,115 ,116 ,115 ,116 ,118 
합천군,#DIV/0!,#DIV/0!,#DIV/0!,#DIV/0!,130 ,130 ,133 ,134 ,135 ,135 ,129 ,125 ,125 ,126 ,128 ,126 ,127 ,130 ,131 ,129 ,128 ,126 ,126 ,127 ,126 
제주특별자치도,108 ,108 ,108 ,107 ,107 ,108 ,108 ,107 ,107 ,107 ,107 ,107 ,107 ,106 ,106 ,106 ,106 ,107 ,107 ,107 ,108 ,108 ,107 ,107 ,107 
북제주군,#DIV/0!,#DIV/0!,#DIV/0!,#DIV/0!,129 ,128 ,128 ,127 ,126 ,126 ,125 ,125 ,124 ,#DIV/0!,#DIV/0!,#DIV/0!,#DIV/0!,#DIV/0!,#DIV/0!,#DIV/0!,#DIV/0!,#DIV/0!,#DIV/0!,#DIV/0!,#DIV/0!
남제주군,#DIV/0!,#DIV/0!,#DIV/0!,#DIV/0!,122 ,123 ,124 ,123 ,123 ,123 ,123 ,123 ,122 ,#DIV/0!,#DIV/0!,#DIV/0!,#DIV/0!,#DIV/0!,#DIV/0!,#DIV/0!,#DIV/0!,#DIV/0!,#DIV/0!,#DIV/0!,#DIV/0!
제주시,#DIV/0!,#DIV/0!,#DIV/0!,#DIV/0!,97 ,97 ,97 ,97 ,97 ,98 ,98 ,98 ,98 ,103 ,103 ,103 ,103 ,104 ,104 ,105 ,106 ,106 ,106 ,106 ,106 
서귀포시,#DIV/0!,#DIV/0!,#DIV/0!,#DIV/0!,108 ,108 ,108 ,109 ,109 ,109 ,109 ,110 ,111 ,116 ,116 ,116 ,116 ,116 ,115 ,115 ,115 ,114 ,112 ,111 ,110 
